{
    "$schema": "../node_modules/@tauri-apps/cli/schema.json",
    "build": {
        "beforeDevCommand": "npm run dev",
        "beforeBuildCommand": "npm run build",
        "devPath": "http://localhost:14222",
        "distDir": "../dist"
    },
    "package": {
        "productName": "tausveltest3",
        "version": "0.1.0"
    },
    "tauri": {
        "allowlist": {
            "all": false,
            "shell": {
                "all": false,
                "open": ".*"
            },
            "process": {
                "all": false,
                "exit": true,
                "relaunch": true
            },
            "os": {
                "all": true
            },
            "window": {
                "show": true,
                "hide": true,
                "center": true,
                "unminimize": true,
                "setFocus": true,
                "setSize": true,
                "setMinSize": true,
                "setMaxSize": true,
                "setMinimizable": true,
                "setMaximizable": true,
                "setClosable": true,
                "setAlwaysOnTop": true,
                "startDragging": true
            },
            "globalShortcut": {
                "all": true
            },
            "clipboard": {
                "all": true,
                "writeText": true,
                "readText": true
            }
        },
        "systemTray": {
            "iconPath": "icons/icon.png",
            "iconAsTemplate": true
        },
        "windows": [
            {
                "label": "main",
                "title": "Dynio",
                "url": "index.html",
                "transparent": false,
                "focus": true,
                "center": true,
                "contentProtected": false,
                "maximizable": true,
                "minimizable": true,
                "decorations": true,
                "closable": true,
                "skipTaskbar": false,
                "alwaysOnTop": false,
                "resizable": true,
                "fileDropEnabled": true,
                "visible": true,
                "fullscreen": false
            }
        ],
        "macOSPrivateApi": true,
        "security": {
            "csp": null
        },
        "bundle": {
            "active": true,
            "targets": "all",
            "identifier": "com.dynio.net",
            "icon": [
                "icons/32x32.png",
                "icons/128x128.png",
                "icons/128x128@2x.png",
                "icons/icon.icns",
                "icons/icon.ico"
            ]
        }
    }
}