{
  "$schema": "http://json-schema.org/draft-07/schema#",
  "$ref": "#/definitions/GeneralSettings",
  "definitions": {
    "GeneralSettings": {
      "type": "object",
      "properties": {
        "darkMode": {
          "type": "boolean",
          "default": false
        },
        "showWelcome": {
          "type": "boolean",
          "description": "Whether to show the welcome info on launch. Explains how to setup the program etc.",
          "default": false
        },
        "autoStart": {
          "type": "boolean",
          "description": "Whether to start the app on login automatically. Note: starts hidden.",
          "default": true
        },
        "timeoutSecs": {
          "type": "number",
          "description": "Max time a command can take in seconds. By default 300 (= 5 mins).",
          "default": 300
        },
        "defaultCommand": {
          "type": "string",
          "description": "Defaults to whichever has hotkey number 1 (or if not hotkeys, the first one it finds)"
        },
        "hideOnLostFocus": {
          "type": "boolean",
          "description": "Whether clicking outside the command bar will cause it to hide.",
          "default": true
        },
        "keepOnTop": {
          "type": "boolean",
          "description": "Keep on top of other windows?",
          "default": false
        },
        "firstLaunch": {
          "type": "boolean"
        },
        "autoUpdate": {
          "type": "boolean",
          "default": true
        }
      },
      "additionalProperties": false
    }
  }
}